fecha,fecha_insercion,id_sesion,sesion_descripcion,fecha_inicio,ubicacion,id_proyecto,codigo_interno,dispositivo_descripcion,DS3231 [Grados celcius (°C)],Divisor de Voltaje [Voltaje (V)],Metadatos Estacion [ID (String)],Metadatos Estacion [Latitud (°)],Metadatos Estacion [Longitud (°)],Metadatos Estacion [Numero de envios (Numeral)],Metadatos Estacion [Registro SD (Bool)],PMS5003 [Grados celcius (°C)],PMS5003 [Humedad (%)],PMS5003 [Material particulado PM 1.0 (µg/m³)],PMS5003 [Material particulado PM 10 (µg/m³)],PMS5003 [Material particulado PM 2.5 (µg/m³)],SIM7600G [Intensidad señal telefónica (Adimensional)],SIM7600G [Latitud (°)],SIM7600G [Longitud (°)],SIM7600G [Satelites (int)],SIM7600G [Velocidad_km/h (km/h)],id_dato_concatenado
2025-11-07T15:02:30,2025-11-07 15:02:30,Sin sesión,,,,18,HIRIPRO-02,,38.0,0.0,2.0,-23.560461,-70.399895,6917.0,1.0,,,0.0,0.0,0.0,31.0,-23.560461,-70.399895,0.0,0.0,"18615524, 18615525, 18615526, 18615527, 18615528, 18615529, 18615530, 18615531, 18615532, 18615533, 18615534, 18615535, 18615536, 18615537, 18615538"
2025-11-07T15:02:28,2025-11-07 15:02:28,Sin sesión,,,,18,HIRIPRO-02,,38.0,0.0,2.0,-23.560461,-70.399895,6916.0,1.0,29.8,33.5,0.0,1.0,1.0,31.0,-23.560461,-70.399895,0.0,0.0,"18615505, 18615506, 18615507, 18615508, 18615509, 18615510, 18615511, 18615512, 18615513, 18615514, 18615515, 18615516, 18615517, 18615518, 18615519, 18615520, 18615521"
2025-11-07T15:02:24,2025-11-07 15:02:24,Sin sesión,,,,18,HIRIPRO-02,,38.0,0.0,2.0,-23.560461,-70.399895,6915.0,1.0,29.9,33.9,0.0,0.0,0.0,31.0,-23.560461,-70.399895,0.0,0.0,"18615424, 18615425, 18615426, 18615427, 18615428, 18615429, 18615430, 18615431, 18615432, 18615433, 18615434, 18615435, 18615436, 18615437, 18615438, 18615439, 18615440"
2025-11-07T15:02:22,2025-11-07 15:02:22,Sin sesión,,,,18,HIRIPRO-02,,38.0,0.0,2.0,-23.560461,-70.399895,6914.0,1.0,29.9,33.6,0.0,0.0,0.0,31.0,-23.560461,-70.399895,0.0,0.0,"18615407, 18615408, 18615409, 18615410, 18615411, 18615412, 18615413, 18615414, 18615415, 18615416, 18615417, 18615418, 18615419, 18615420, 18615421, 18615422, 18615423"
2025-11-07T15:02:18,2025-11-07 15:02:18,Sin sesión,,,,18,HIRIPRO-02,,38.0,0.0,2.0,-23.560461,-70.399895,6913.0,1.0,29.9,33.8,0.0,0.0,0.0,31.0,-23.560461,-70.399895,0.0,0.0,"18615390, 18615391, 18615392, 18615393, 18615394, 18615395, 18615396, 18615397, 18615398, 18615399, 18615400, 18615401, 18615402, 18615403, 18615404, 18615405, 18615406"
2025-11-07T15:02:16,2025-11-07 15:02:16,Sin sesión,,,,18,HIRIPRO-02,,38.0,0.0,2.0,-23.560461,-70.399895,6912.0,1.0,29.9,33.6,0.0,0.0,0.0,31.0,-23.560461,-70.399895,0.0,0.0,"18615373, 18615374, 18615375, 18615376, 18615377, 18615378, 18615379, 18615380, 18615381, 18615382, 18615383, 18615384, 18615385, 18615386, 18615387, 18615388, 18615389"
2025-11-07T15:02:12,2025-11-07 15:02:12,Sin sesión,,,,18,HIRIPRO-02,,38.0,0.0,2.0,-23.560461,-70.399895,6911.0,1.0,29.9,33.7,0.0,0.0,0.0,31.0,-23.560461,-70.399895,0.0,0.0,"18615356, 18615357, 18615358, 18615359, 18615360, 18615361, 18615362, 18615363, 18615364, 18615365, 18615366, 18615367, 18615368, 18615369, 18615370, 18615371, 18615372"
2025-11-07T15:02:09,2025-11-07 15:02:09,Sin sesión,,,,18,HIRIPRO-02,,38.0,0.0,2.0,-23.560461,-70.399895,6910.0,1.0,29.9,33.5,0.0,0.0,0.0,31.0,-23.560461,-70.399895,0.0,0.0,"18615328, 18615329, 18615330, 18615331, 18615332, 18615333, 18615334, 18615335, 18615336, 18615337, 18615338, 18615339, 18615340, 18615341, 18615342, 18615343, 18615344"
2025-11-07T15:02:06,2025-11-07 15:02:06,Sin sesión,,,,18,HIRIPRO-02,,38.0,0.0,2.0,-23.560461,-70.399895,6909.0,1.0,29.9,33.9,0.0,0.0,0.0,31.0,-23.560461,-70.399895,0.0,0.0,"18615311, 18615312, 18615313, 18615314, 18615315, 18615316, 18615317, 18615318, 18615319, 18615320, 18615321, 18615322, 18615323, 18615324, 18615325, 18615326, 18615327"
2025-11-07T15:02:03,2025-11-07 15:02:03,Sin sesión,,,,18,HIRIPRO-02,,38.0,0.0,2.0,-23.560461,-70.399895,6908.0,1.0,29.8,33.9,0.0,0.0,0.0,31.0,-23.560461,-70.399895,0.0,0.0,"18615294, 18615295, 18615296, 18615297, 18615298, 18615299, 18615300, 18615301, 18615302, 18615303, 18615304, 18615305, 18615306, 18615307, 18615308, 18615309, 18615310"
2025-11-07T15:02:00,2025-11-07 15:02:00,Sin sesión,,,,18,HIRIPRO-02,,38.0,0.0,2.0,-23.560461,-70.399895,6907.0,1.0,29.9,33.5,0.0,0.0,0.0,31.0,-23.560461,-70.399895,0.0,0.0,"18615277, 18615278, 18615279, 18615280, 18615281, 18615282, 18615283, 18615284, 18615285, 18615286, 18615287, 18615288, 18615289, 18615290, 18615291, 18615292, 18615293"
2025-11-07T15:01:57,2025-11-07 15:01:57,Sin sesión,,,,18,HIRIPRO-02,,38.0,0.0,2.0,-23.560461,-70.399895,6906.0,1.0,29.9,33.6,0.0,0.0,0.0,31.0,-23.560461,-70.399895,0.0,0.0,"18615260, 18615261, 18615262, 18615263, 18615264, 18615265, 18615266, 18615267, 18615268, 18615269, 18615270, 18615271, 18615272, 18615273, 18615274, 18615275, 18615276"
2025-11-07T15:01:54,2025-11-07 15:01:54,Sin sesión,,,,18,HIRIPRO-02,,38.0,0.0,2.0,-23.560461,-70.399895,6905.0,1.0,29.9,33.6,0.0,0.0,0.0,31.0,-23.560461,-70.399895,0.0,0.0,"18615243, 18615244, 18615245, 18615246, 18615247, 18615248, 18615249, 18615250, 18615251, 18615252, 18615253, 18615254, 18615255, 18615256, 18615257, 18615258, 18615259"
2025-11-07T15:01:51,2025-11-07 15:01:51,Sin sesión,,,,18,HIRIPRO-02,,38.0,0.0,2.0,-23.560461,-70.399895,6904.0,1.0,29.8,33.8,0.0,0.0,0.0,31.0,-23.560461,-70.399895,0.0,0.0,"18615226, 18615227, 18615228, 18615229, 18615230, 18615231, 18615232, 18615233, 18615234, 18615235, 18615236, 18615237, 18615238, 18615239, 18615240, 18615241, 18615242"
2025-11-07T15:01:48,2025-11-07 15:01:48,Sin sesión,,,,18,HIRIPRO-02,,38.0,0.0,2.0,-23.560461,-70.399895,6903.0,1.0,29.9,33.8,0.0,0.0,0.0,31.0,-23.560461,-70.399895,0.0,0.0,"18615209, 18615210, 18615211, 18615212, 18615213, 18615214, 18615215, 18615216, 18615217, 18615218, 18615219, 18615220, 18615221, 18615222, 18615223, 18615224, 18615225"
2025-11-07T15:01:45,2025-11-07 15:01:45,Sin sesión,,,,18,HIRIPRO-02,,38.0,0.0,2.0,-23.560461,-70.399895,6902.0,1.0,29.9,33.8,0.0,0.0,0.0,31.0,-23.560461,-70.399895,0.0,0.0,"18615192, 18615193, 18615194, 18615195, 18615196, 18615197, 18615198, 18615199, 18615200, 18615201, 18615202, 18615203, 18615204, 18615205, 18615206, 18615207, 18615208"
2025-11-07T15:01:42,2025-11-07 15:01:42,Sin sesión,,,,18,HIRIPRO-02,,38.0,0.0,2.0,-23.560461,-70.399895,6901.0,1.0,29.9,33.7,0.0,0.0,0.0,31.0,-23.560461,-70.399895,0.0,0.0,"18615175, 18615176, 18615177, 18615178, 18615179, 18615180, 18615181, 18615182, 18615183, 18615184, 18615185, 18615186, 18615187, 18615188, 18615189, 18615190, 18615191"
2025-11-07T15:01:39,2025-11-07 15:01:39,Sin sesión,,,,18,HIRIPRO-02,,38.0,0.0,2.0,-23.560461,-70.399895,6900.0,1.0,29.9,33.8,0.0,0.0,0.0,31.0,-23.560461,-70.399895,0.0,0.0,"18615158, 18615159, 18615160, 18615161, 18615162, 18615163, 18615164, 18615165, 18615166, 18615167, 18615168, 18615169, 18615170, 18615171, 18615172, 18615173, 18615174"
2025-11-07T15:01:36,2025-11-07 15:01:36,Sin sesión,,,,18,HIRIPRO-02,,38.0,0.0,2.0,-23.560461,-70.399895,6899.0,1.0,29.9,33.8,0.0,0.0,0.0,31.0,-23.560461,-70.399895,0.0,0.0,"18615141, 18615142, 18615143, 18615144, 18615145, 18615146, 18615147, 18615148, 18615149, 18615150, 18615151, 18615152, 18615153, 18615154, 18615155, 18615156, 18615157"
2025-11-07T15:01:33,2025-11-07 15:01:33,Sin sesión,,,,18,HIRIPRO-02,,38.0,0.0,2.0,-23.560461,-70.399895,6898.0,1.0,29.9,33.8,0.0,0.0,0.0,31.0,-23.560461,-70.399895,0.0,0.0,"18615124, 18615125, 18615126, 18615127, 18615128, 18615129, 18615130, 18615131, 18615132, 18615133, 18615134, 18615135, 18615136, 18615137, 18615138, 18615139, 18615140"
2025-11-07T15:01:30,2025-11-07 15:01:30,Sin sesión,,,,18,HIRIPRO-02,,38.0,0.0,2.0,-23.560461,-70.399895,6897.0,1.0,29.8,33.7,0.0,0.0,0.0,31.0,-23.560461,-70.399895,0.0,0.0,"18615107, 18615108, 18615109, 18615110, 18615111, 18615112, 18615113, 18615114, 18615115, 18615116, 18615117, 18615118, 18615119, 18615120, 18615121, 18615122, 18615123"
2025-11-07T15:01:27,2025-11-07 15:01:27,Sin sesión,,,,18,HIRIPRO-02,,38.0,0.0,2.0,-23.560461,-70.399895,6896.0,1.0,29.9,33.6,0.0,0.0,0.0,31.0,-23.560461,-70.399895,0.0,0.0,"18615090, 18615091, 18615092, 18615093, 18615094, 18615095, 18615096, 18615097, 18615098, 18615099, 18615100, 18615101, 18615102, 18615103, 18615104, 18615105, 18615106"
2025-11-07T15:01:24,2025-11-07 15:01:24,Sin sesión,,,,18,HIRIPRO-02,,38.0,0.0,2.0,-23.560461,-70.399895,6895.0,1.0,29.8,33.5,0.0,0.0,0.0,31.0,-23.560461,-70.399895,0.0,0.0,"18615073, 18615074, 18615075, 18615076, 18615077, 18615078, 18615079, 18615080, 18615081, 18615082, 18615083, 18615084, 18615085, 18615086, 18615087, 18615088, 18615089"
2025-11-07T15:01:21,2025-11-07 15:01:21,Sin sesión,,,,18,HIRIPRO-02,,38.0,0.0,2.0,-23.560461,-70.399895,6894.0,1.0,29.8,33.5,0.0,0.0,0.0,31.0,-23.560461,-70.399895,0.0,0.0,"18615056, 18615057, 18615058, 18615059, 18615060, 18615061, 18615062, 18615063, 18615064, 18615065, 18615066, 18615067, 18615068, 18615069, 18615070, 18615071, 18615072"
2025-11-07T15:01:18,2025-11-07 15:01:18,Sin sesión,,,,18,HIRIPRO-02,,38.0,0.0,2.0,-23.560461,-70.399895,6893.0,1.0,29.8,33.8,0.0,0.0,0.0,31.0,-23.560461,-70.399895,0.0,0.0,"18615039, 18615040, 18615041, 18615042, 18615043, 18615044, 18615045, 18615046, 18615047, 18615048, 18615049, 18615050, 18615051, 18615052, 18615053, 18615054, 18615055"
2025-11-07T15:01:15,2025-11-07 15:01:15,Sin sesión,,,,18,HIRIPRO-02,,38.0,0.0,2.0,-23.560461,-70.399895,6892.0,1.0,29.8,33.6,0.0,0.0,0.0,31.0,-23.560461,-70.399895,0.0,0.0,"18615022, 18615023, 18615024, 18615025, 18615026, 18615027, 18615028, 18615029, 18615030, 18615031, 18615032, 18615033, 18615034, 18615035, 18615036, 18615037, 18615038"
2025-11-07T15:01:12,2025-11-07 15:01:12,Sin sesión,,,,18,HIRIPRO-02,,38.0,0.0,2.0,-23.560461,-70.399895,6891.0,1.0,29.8,33.9,0.0,1.0,0.0,31.0,-23.560461,-70.399895,0.0,0.0,"18615005, 18615006, 18615007, 18615008, 18615009, 18615010, 18615011, 18615012, 18615013, 18615014, 18615015, 18615016, 18615017, 18615018, 18615019, 18615020, 18615021"
2025-11-07T15:01:09,2025-11-07 15:01:09,Sin sesión,,,,18,HIRIPRO-02,,38.0,0.0,2.0,-23.560461,-70.399895,6890.0,1.0,29.8,33.7,0.0,1.0,0.0,31.0,-23.560461,-70.399895,0.0,0.0,"18614988, 18614989, 18614990, 18614991, 18614992, 18614993, 18614994, 18614995, 18614996, 18614997, 18614998, 18614999, 18615000, 18615001, 18615002, 18615003, 18615004"
2025-11-07T15:01:06,2025-11-07 15:01:06,Sin sesión,,,,18,HIRIPRO-02,,38.0,0.0,2.0,-23.560461,-70.399895,6889.0,1.0,29.9,33.8,0.0,1.0,0.0,31.0,-23.560461,-70.399895,0.0,0.0,"18614971, 18614972, 18614973, 18614974, 18614975, 18614976, 18614977, 18614978, 18614979, 18614980, 18614981, 18614982, 18614983, 18614984, 18614985, 18614986, 18614987"
2025-11-07T15:01:02,2025-11-07 15:01:02,Sin sesión,,,,18,HIRIPRO-02,,38.0,0.0,2.0,-23.560461,-70.399895,6888.0,1.0,29.8,33.7,0.0,1.0,0.0,31.0,-23.560461,-70.399895,0.0,0.0,"18614946, 18614947, 18614948, 18614949, 18614950, 18614951, 18614952, 18614953, 18614954, 18614955, 18614956, 18614957, 18614958, 18614959, 18614960, 18614961, 18614962"
2025-11-07T15:00:59,2025-11-07 15:00:59,Sin sesión,,,,18,HIRIPRO-02,,38.0,0.0,2.0,-23.560461,-70.399895,6887.0,1.0,29.8,33.7,0.0,0.0,0.0,31.0,-23.560461,-70.399895,0.0,0.0,"18614929, 18614930, 18614931, 18614932, 18614933, 18614934, 18614935, 18614936, 18614937, 18614938, 18614939, 18614940, 18614941, 18614942, 18614943, 18614944, 18614945"
2025-11-07T15:00:56,2025-11-07 15:00:56,Sin sesión,,,,18,HIRIPRO-02,,38.0,0.0,2.0,-23.560461,-70.399895,6886.0,1.0,29.8,33.9,0.0,0.0,0.0,31.0,-23.560461,-70.399895,0.0,0.0,"18614912, 18614913, 18614914, 18614915, 18614916, 18614917, 18614918, 18614919, 18614920, 18614921, 18614922, 18614923, 18614924, 18614925, 18614926, 18614927, 18614928"
2025-11-07T15:00:53,2025-11-07 15:00:53,Sin sesión,,,,18,HIRIPRO-02,,38.0,0.0,2.0,-23.560461,-70.399895,6885.0,1.0,29.9,33.7,0.0,0.0,0.0,31.0,-23.560461,-70.399895,0.0,0.0,"18614895, 18614896, 18614897, 18614898, 18614899, 18614900, 18614901, 18614902, 18614903, 18614904, 18614905, 18614906, 18614907, 18614908, 18614909, 18614910, 18614911"
2025-11-07T15:00:51,2025-11-07 15:00:51,Sin sesión,,,,18,HIRIPRO-02,,38.0,0.0,2.0,-23.560461,-70.399895,6884.0,1.0,29.8,33.7,0.0,0.0,0.0,31.0,-23.560461,-70.399895,0.0,0.0,"18614878, 18614879, 18614880, 18614881, 18614882, 18614883, 18614884, 18614885, 18614886, 18614887, 18614888, 18614889, 18614890, 18614891, 18614892, 18614893, 18614894"
2025-11-07T15:00:47,2025-11-07 15:00:47,Sin sesión,,,,18,HIRIPRO-02,,38.0,0.0,2.0,-23.560461,-70.399895,6883.0,1.0,29.8,33.7,0.0,0.0,0.0,31.0,-23.560461,-70.399895,0.0,0.0,"18614861, 18614862, 18614863, 18614864, 18614865, 18614866, 18614867, 18614868, 18614869, 18614870, 18614871, 18614872, 18614873, 18614874, 18614875, 18614876, 18614877"
2025-11-07T15:00:44,2025-11-07 15:00:44,Sin sesión,,,,18,HIRIPRO-02,,38.0,0.0,2.0,-23.560461,-70.399895,6882.0,1.0,29.9,33.7,0.0,0.0,0.0,31.0,-23.560461,-70.399895,0.0,0.0,"18614844, 18614845, 18614846, 18614847, 18614848, 18614849, 18614850, 18614851, 18614852, 18614853, 18614854, 18614855, 18614856, 18614857, 18614858, 18614859, 18614860"
2025-11-07T15:00:41,2025-11-07 15:00:41,Sin sesión,,,,18,HIRIPRO-02,,38.0,0.0,2.0,-23.560461,-70.399895,6881.0,1.0,29.8,33.7,0.0,0.0,0.0,31.0,-23.560461,-70.399895,0.0,0.0,"18614827, 18614828, 18614829, 18614830, 18614831, 18614832, 18614833, 18614834, 18614835, 18614836, 18614837, 18614838, 18614839, 18614840, 18614841, 18614842, 18614843"
2025-11-07T15:00:39,2025-11-07 15:00:39,Sin sesión,,,,18,HIRIPRO-02,,38.0,0.0,2.0,-23.560461,-70.399895,6880.0,1.0,29.8,33.8,0.0,0.0,0.0,31.0,-23.560461,-70.399895,0.0,0.0,"18614810, 18614811, 18614812, 18614813, 18614814, 18614815, 18614816, 18614817, 18614818, 18614819, 18614820, 18614821, 18614822, 18614823, 18614824, 18614825, 18614826"
2025-11-07T15:00:36,2025-11-07 15:00:36,Sin sesión,,,,18,HIRIPRO-02,,38.0,0.0,2.0,-23.560461,-70.399895,6879.0,1.0,29.8,33.6,0.0,0.0,0.0,31.0,-23.560461,-70.399895,0.0,0.0,"18614793, 18614794, 18614795, 18614796, 18614797, 18614798, 18614799, 18614800, 18614801, 18614802, 18614803, 18614804, 18614805, 18614806, 18614807, 18614808, 18614809"
2025-11-07T15:00:32,2025-11-07 15:00:32,Sin sesión,,,,18,HIRIPRO-02,,38.0,0.0,2.0,-23.560461,-70.399895,6878.0,1.0,29.8,33.8,0.0,0.0,0.0,31.0,-23.560461,-70.399895,0.0,0.0,"18614776, 18614777, 18614778, 18614779, 18614780, 18614781, 18614782, 18614783, 18614784, 18614785, 18614786, 18614787, 18614788, 18614789, 18614790, 18614791, 18614792"
2025-11-07T15:00:30,2025-11-07 15:00:30,Sin sesión,,,,18,HIRIPRO-02,,38.0,0.0,2.0,-23.560461,-70.399895,6877.0,1.0,29.8,33.9,0.0,0.0,0.0,31.0,-23.560461,-70.399895,0.0,0.0,"18614759, 18614760, 18614761, 18614762, 18614763, 18614764, 18614765, 18614766, 18614767, 18614768, 18614769, 18614770, 18614771, 18614772, 18614773, 18614774, 18614775"
2025-11-07T15:00:26,2025-11-07 15:00:26,Sin sesión,,,,18,HIRIPRO-02,,38.0,0.0,2.0,-23.560461,-70.399895,6876.0,1.0,29.8,33.7,0.0,0.0,0.0,31.0,-23.560461,-70.399895,0.0,0.0,"18614742, 18614743, 18614744, 18614745, 18614746, 18614747, 18614748, 18614749, 18614750, 18614751, 18614752, 18614753, 18614754, 18614755, 18614756, 18614757, 18614758"
2025-11-07T15:00:23,2025-11-07 15:00:23,Sin sesión,,,,18,HIRIPRO-02,,38.25,0.0,2.0,-23.560461,-70.399895,6875.0,1.0,29.8,33.6,0.0,0.0,0.0,31.0,-23.560461,-70.399895,0.0,0.0,"18614725, 18614726, 18614727, 18614728, 18614729, 18614730, 18614731, 18614732, 18614733, 18614734, 18614735, 18614736, 18614737, 18614738, 18614739, 18614740, 18614741"
2025-11-07T15:00:20,2025-11-07 15:00:20,Sin sesión,,,,18,HIRIPRO-02,,38.0,0.0,2.0,-23.560461,-70.399895,6874.0,1.0,29.8,33.6,0.0,0.0,0.0,31.0,-23.560461,-70.399895,0.0,0.0,"18614708, 18614709, 18614710, 18614711, 18614712, 18614713, 18614714, 18614715, 18614716, 18614717, 18614718, 18614719, 18614720, 18614721, 18614722, 18614723, 18614724"
2025-11-07T15:00:17,2025-11-07 15:00:17,Sin sesión,,,,18,HIRIPRO-02,,38.0,0.0,2.0,-23.560461,-70.399895,6873.0,1.0,29.8,33.7,0.0,0.0,0.0,31.0,-23.560461,-70.399895,0.0,0.0,"18614691, 18614692, 18614693, 18614694, 18614695, 18614696, 18614697, 18614698, 18614699, 18614700, 18614701, 18614702, 18614703, 18614704, 18614705, 18614706, 18614707"
2025-11-07T15:00:14,2025-11-07 15:00:14,Sin sesión,,,,18,HIRIPRO-02,,38.0,0.0,2.0,-23.560461,-70.399895,6872.0,1.0,29.8,34.0,0.0,0.0,0.0,31.0,-23.560461,-70.399895,0.0,0.0,"18614674, 18614675, 18614676, 18614677, 18614678, 18614679, 18614680, 18614681, 18614682, 18614683, 18614684, 18614685, 18614686, 18614687, 18614688, 18614689, 18614690"
2025-11-07T15:00:12,2025-11-07 15:00:12,Sin sesión,,,,18,HIRIPRO-02,,38.0,0.0,2.0,-23.560461,-70.399895,6871.0,1.0,29.8,33.7,0.0,0.0,0.0,31.0,-23.560461,-70.399895,0.0,0.0,"18614657, 18614658, 18614659, 18614660, 18614661, 18614662, 18614663, 18614664, 18614665, 18614666, 18614667, 18614668, 18614669, 18614670, 18614671, 18614672, 18614673"
2025-11-07T15:00:08,2025-11-07 15:00:08,Sin sesión,,,,18,HIRIPRO-02,,38.0,0.0,2.0,-23.560461,-70.399895,6870.0,1.0,29.8,33.6,0.0,0.0,0.0,31.0,-23.560461,-70.399895,0.0,0.0,"18614608, 18614609, 18614610, 18614611, 18614612, 18614613, 18614614, 18614615, 18614616, 18614617, 18614618, 18614619, 18614620, 18614621, 18614622, 18614623, 18614624"
2025-11-07T15:00:05,2025-11-07 15:00:05,Sin sesión,,,,18,HIRIPRO-02,,38.25,0.0,2.0,-23.560461,-70.399895,6869.0,1.0,29.8,33.7,0.0,0.0,0.0,31.0,-23.560461,-70.399895,0.0,0.0,"18614591, 18614592, 18614593, 18614594, 18614595, 18614596, 18614597, 18614598, 18614599, 18614600, 18614601, 18614602, 18614603, 18614604, 18614605, 18614606, 18614607"
2025-11-07T15:00:02,2025-11-07 15:00:02,Sin sesión,,,,18,HIRIPRO-02,,38.0,0.0,2.0,-23.560461,-70.399895,6868.0,1.0,29.8,33.7,0.0,0.0,0.0,31.0,-23.560461,-70.399895,0.0,0.0,"18614574, 18614575, 18614576, 18614577, 18614578, 18614579, 18614580, 18614581, 18614582, 18614583, 18614584, 18614585, 18614586, 18614587, 18614588, 18614589, 18614590"
2025-11-07T14:59:59,2025-11-07 14:59:59,Sin sesión,,,,18,HIRIPRO-02,,38.0,0.0,2.0,-23.560461,-70.399895,6867.0,1.0,29.8,33.9,0.0,0.0,0.0,31.0,-23.560461,-70.399895,0.0,0.0,"18614557, 18614558, 18614559, 18614560, 18614561, 18614562, 18614563, 18614564, 18614565, 18614566, 18614567, 18614568, 18614569, 18614570, 18614571, 18614572, 18614573"
2025-11-07T14:59:56,2025-11-07 14:59:56,Sin sesión,,,,18,HIRIPRO-02,,38.0,0.0,2.0,-23.560461,-70.399895,6866.0,1.0,29.8,33.9,0.0,0.0,0.0,31.0,-23.560461,-70.399895,0.0,0.0,"18614540, 18614541, 18614542, 18614543, 18614544, 18614545, 18614546, 18614547, 18614548, 18614549, 18614550, 18614551, 18614552, 18614553, 18614554, 18614555, 18614556"
2025-11-07T14:59:53,2025-11-07 14:59:53,Sin sesión,,,,18,HIRIPRO-02,,38.0,0.0,2.0,-23.560461,-70.399895,6865.0,1.0,29.8,33.6,0.0,0.0,0.0,31.0,-23.560461,-70.399895,0.0,0.0,"18614523, 18614524, 18614525, 18614526, 18614527, 18614528, 18614529, 18614530, 18614531, 18614532, 18614533, 18614534, 18614535, 18614536, 18614537, 18614538, 18614539"
2025-11-07T14:59:50,2025-11-07 14:59:50,Sin sesión,,,,18,HIRIPRO-02,,38.0,0.0,2.0,-23.560461,-70.399895,6864.0,1.0,29.8,33.7,0.0,0.0,0.0,31.0,-23.560461,-70.399895,0.0,0.0,"18614506, 18614507, 18614508, 18614509, 18614510, 18614511, 18614512, 18614513, 18614514, 18614515, 18614516, 18614517, 18614518, 18614519, 18614520, 18614521, 18614522"
2025-11-07T14:59:47,2025-11-07 14:59:47,Sin sesión,,,,18,HIRIPRO-02,,38.0,0.0,2.0,-23.560461,-70.399895,6863.0,1.0,29.8,33.8,0.0,0.0,0.0,31.0,-23.560461,-70.399895,0.0,0.0,"18614489, 18614490, 18614491, 18614492, 18614493, 18614494, 18614495, 18614496, 18614497, 18614498, 18614499, 18614500, 18614501, 18614502, 18614503, 18614504, 18614505"
2025-11-07T14:59:44,2025-11-07 14:59:44,Sin sesión,,,,18,HIRIPRO-02,,38.0,0.0,2.0,-23.560461,-70.399895,6862.0,1.0,29.8,33.7,0.0,0.0,0.0,31.0,-23.560461,-70.399895,0.0,0.0,"18614472, 18614473, 18614474, 18614475, 18614476, 18614477, 18614478, 18614479, 18614480, 18614481, 18614482, 18614483, 18614484, 18614485, 18614486, 18614487, 18614488"
2025-11-07T14:59:41,2025-11-07 14:59:41,Sin sesión,,,,18,HIRIPRO-02,,38.0,0.0,2.0,-23.560461,-70.399895,6861.0,1.0,29.8,33.8,0.0,0.0,0.0,31.0,-23.560461,-70.399895,0.0,0.0,"18614455, 18614456, 18614457, 18614458, 18614459, 18614460, 18614461, 18614462, 18614463, 18614464, 18614465, 18614466, 18614467, 18614468, 18614469, 18614470, 18614471"
2025-11-07T14:59:38,2025-11-07 14:59:38,Sin sesión,,,,18,HIRIPRO-02,,38.0,0.0,2.0,-23.560461,-70.399895,6860.0,1.0,29.8,33.7,0.0,0.0,0.0,31.0,-23.560461,-70.399895,0.0,0.0,"18614438, 18614439, 18614440, 18614441, 18614442, 18614443, 18614444, 18614445, 18614446, 18614447, 18614448, 18614449, 18614450, 18614451, 18614452, 18614453, 18614454"
2025-11-07T14:59:35,2025-11-07 14:59:35,Sin sesión,,,,18,HIRIPRO-02,,38.0,0.0,2.0,-23.560461,-70.399895,6859.0,1.0,29.8,33.6,0.0,0.0,0.0,31.0,-23.560461,-70.399895,0.0,0.0,"18614421, 18614422, 18614423, 18614424, 18614425, 18614426, 18614427, 18614428, 18614429, 18614430, 18614431, 18614432, 18614433, 18614434, 18614435, 18614436, 18614437"
2025-11-07T14:59:32,2025-11-07 14:59:32,Sin sesión,,,,18,HIRIPRO-02,,38.0,0.0,2.0,-23.560461,-70.399895,6858.0,1.0,29.8,33.7,0.0,0.0,0.0,31.0,-23.560461,-70.399895,0.0,0.0,"18614404, 18614405, 18614406, 18614407, 18614408, 18614409, 18614410, 18614411, 18614412, 18614413, 18614414, 18614415, 18614416, 18614417, 18614418, 18614419, 18614420"
2025-11-07T14:59:29,2025-11-07 14:59:29,Sin sesión,,,,18,HIRIPRO-02,,38.0,0.0,2.0,-23.560461,-70.399895,6857.0,1.0,29.8,33.9,0.0,0.0,0.0,31.0,-23.560461,-70.399895,0.0,0.0,"18614387, 18614388, 18614389, 18614390, 18614391, 18614392, 18614393, 18614394, 18614395, 18614396, 18614397, 18614398, 18614399, 18614400, 18614401, 18614402, 18614403"
2025-11-07T14:59:26,2025-11-07 14:59:26,Sin sesión,,,,18,HIRIPRO-02,,38.0,0.0,2.0,-23.560461,-70.399895,6856.0,1.0,29.8,33.9,0.0,0.0,0.0,31.0,-23.560461,-70.399895,0.0,0.0,"18614370, 18614371, 18614372, 18614373, 18614374, 18614375, 18614376, 18614377, 18614378, 18614379, 18614380, 18614381, 18614382, 18614383, 18614384, 18614385, 18614386"
2025-11-07T14:59:23,2025-11-07 14:59:23,Sin sesión,,,,18,HIRIPRO-02,,38.0,0.0,2.0,-23.560461,-70.399895,6855.0,1.0,29.8,33.7,0.0,0.0,0.0,31.0,-23.560461,-70.399895,0.0,0.0,"18614353, 18614354, 18614355, 18614356, 18614357, 18614358, 18614359, 18614360, 18614361, 18614362, 18614363, 18614364, 18614365, 18614366, 18614367, 18614368, 18614369"
2025-11-07T14:59:20,2025-11-07 14:59:20,Sin sesión,,,,18,HIRIPRO-02,,38.0,0.0,2.0,-23.560461,-70.399895,6854.0,1.0,29.8,33.8,0.0,0.0,0.0,31.0,-23.560461,-70.399895,0.0,0.0,"18614336, 18614337, 18614338, 18614339, 18614340, 18614341, 18614342, 18614343, 18614344, 18614345, 18614346, 18614347, 18614348, 18614349, 18614350, 18614351, 18614352"
2025-11-07T14:59:17,2025-11-07 14:59:17,Sin sesión,,,,18,HIRIPRO-02,,38.0,0.0,2.0,-23.560461,-70.399895,6853.0,1.0,29.8,33.6,0.0,0.0,0.0,31.0,-23.560461,-70.399895,0.0,0.0,"18614319, 18614320, 18614321, 18614322, 18614323, 18614324, 18614325, 18614326, 18614327, 18614328, 18614329, 18614330, 18614331, 18614332, 18614333, 18614334, 18614335"
2025-11-07T14:59:14,2025-11-07 14:59:14,Sin sesión,,,,18,HIRIPRO-02,,38.0,0.0,2.0,-23.560461,-70.399895,6852.0,1.0,29.8,33.5,0.0,0.0,0.0,31.0,-23.560461,-70.399895,0.0,0.0,"18614302, 18614303, 18614304, 18614305, 18614306, 18614307, 18614308, 18614309, 18614310, 18614311, 18614312, 18614313, 18614314, 18614315, 18614316, 18614317, 18614318"
2025-11-07T14:59:11,2025-11-07 14:59:11,Sin sesión,,,,18,HIRIPRO-02,,38.0,0.0,2.0,-23.560461,-70.399895,6851.0,1.0,29.8,33.8,0.0,0.0,0.0,31.0,-23.560461,-70.399895,0.0,0.0,"18614274, 18614275, 18614276, 18614277, 18614278, 18614279, 18614280, 18614281, 18614282, 18614283, 18614284, 18614285, 18614286, 18614287, 18614288, 18614289, 18614290"
2025-11-07T14:59:08,2025-11-07 14:59:08,Sin sesión,,,,18,HIRIPRO-02,,38.0,0.0,2.0,-23.560461,-70.399895,6850.0,1.0,29.8,33.6,0.0,0.0,0.0,31.0,-23.560461,-70.399895,0.0,0.0,"18614257, 18614258, 18614259, 18614260, 18614261, 18614262, 18614263, 18614264, 18614265, 18614266, 18614267, 18614268, 18614269, 18614270, 18614271, 18614272, 18614273"
2025-11-07T14:59:05,2025-11-07 14:59:05,Sin sesión,,,,18,HIRIPRO-02,,38.0,0.0,2.0,-23.560461,-70.399895,6849.0,1.0,29.8,33.7,0.0,0.0,0.0,31.0,-23.560461,-70.399895,0.0,0.0,"18614240, 18614241, 18614242, 18614243, 18614244, 18614245, 18614246, 18614247, 18614248, 18614249, 18614250, 18614251, 18614252, 18614253, 18614254, 18614255, 18614256"
2025-11-07T14:59:01,2025-11-07 14:59:01,Sin sesión,,,,18,HIRIPRO-02,,38.0,0.0,2.0,-23.560461,-70.399895,6848.0,1.0,29.8,33.8,0.0,0.0,0.0,31.0,-23.560461,-70.399895,0.0,0.0,"18614223, 18614224, 18614225, 18614226, 18614227, 18614228, 18614229, 18614230, 18614231, 18614232, 18614233, 18614234, 18614235, 18614236, 18614237, 18614238, 18614239"
2025-11-07T14:58:58,2025-11-07 14:58:58,Sin sesión,,,,18,HIRIPRO-02,,38.0,0.0,2.0,-23.560461,-70.399895,6847.0,1.0,29.8,33.6,0.0,0.0,0.0,31.0,-23.560461,-70.399895,0.0,0.0,"18614206, 18614207, 18614208, 18614209, 18614210, 18614211, 18614212, 18614213, 18614214, 18614215, 18614216, 18614217, 18614218, 18614219, 18614220, 18614221, 18614222"
2025-11-07T14:58:55,2025-11-07 14:58:55,Sin sesión,,,,18,HIRIPRO-02,,38.0,0.0,2.0,-23.560461,-70.399895,6846.0,1.0,29.8,33.7,0.0,0.0,0.0,31.0,-23.560461,-70.399895,0.0,0.0,"18614132, 18614133, 18614134, 18614135, 18614136, 18614137, 18614138, 18614139, 18614140, 18614141, 18614142, 18614143, 18614144, 18614145, 18614146, 18614147, 18614148"
2025-11-07T14:58:52,2025-11-07 14:58:52,Sin sesión,,,,18,HIRIPRO-02,,38.0,0.0,2.0,-23.560461,-70.399895,6845.0,1.0,29.8,33.6,0.0,0.0,0.0,31.0,-23.560461,-70.399895,0.0,0.0,"18614081, 18614082, 18614083, 18614084, 18614085, 18614086, 18614087, 18614088, 18614089, 18614090, 18614091, 18614092, 18614093, 18614094, 18614095, 18614096, 18614097"
2025-11-07T14:58:49,2025-11-07 14:58:49,Sin sesión,,,,18,HIRIPRO-02,,38.0,0.0,2.0,-23.560461,-70.399895,6844.0,1.0,29.8,33.8,0.0,0.0,0.0,31.0,-23.560461,-70.399895,0.0,0.0,"18614064, 18614065, 18614066, 18614067, 18614068, 18614069, 18614070, 18614071, 18614072, 18614073, 18614074, 18614075, 18614076, 18614077, 18614078, 18614079, 18614080"
2025-11-07T14:58:46,2025-11-07 14:58:46,Sin sesión,,,,18,HIRIPRO-02,,38.0,0.0,2.0,-23.560461,-70.399895,6843.0,1.0,29.8,33.8,0.0,0.0,0.0,31.0,-23.560461,-70.399895,0.0,0.0,"18614030, 18614031, 18614032, 18614033, 18614034, 18614035, 18614036, 18614037, 18614038, 18614039, 18614040, 18614041, 18614042, 18614043, 18614044, 18614045, 18614046"
2025-11-07T14:58:43,2025-11-07 14:58:43,Sin sesión,,,,18,HIRIPRO-02,,38.0,0.0,2.0,-23.560461,-70.399895,6842.0,1.0,29.8,33.8,0.0,0.0,0.0,31.0,-23.560461,-70.399895,0.0,0.0,"18614013, 18614014, 18614015, 18614016, 18614017, 18614018, 18614019, 18614020, 18614021, 18614022, 18614023, 18614024, 18614025, 18614026, 18614027, 18614028, 18614029"
2025-11-07T14:58:40,2025-11-07 14:58:40,Sin sesión,,,,18,HIRIPRO-02,,38.0,0.0,2.0,-23.560461,-70.399895,6841.0,1.0,29.8,33.6,0.0,0.0,0.0,31.0,-23.560461,-70.399895,0.0,0.0,"18613996, 18613997, 18613998, 18613999, 18614000, 18614001, 18614002, 18614003, 18614004, 18614005, 18614006, 18614007, 18614008, 18614009, 18614010, 18614011, 18614012"
2025-11-07T14:58:37,2025-11-07 14:58:37,Sin sesión,,,,18,HIRIPRO-02,,38.0,0.0,2.0,-23.560461,-70.399895,6840.0,1.0,29.8,33.8,0.0,0.0,0.0,31.0,-23.560461,-70.399895,0.0,0.0,"18613979, 18613980, 18613981, 18613982, 18613983, 18613984, 18613985, 18613986, 18613987, 18613988, 18613989, 18613990, 18613991, 18613992, 18613993, 18613994, 18613995"
2025-11-07T14:58:34,2025-11-07 14:58:34,Sin sesión,,,,18,HIRIPRO-02,,38.0,0.0,2.0,-23.560461,-70.399895,6839.0,1.0,29.8,33.9,0.0,0.0,0.0,31.0,-23.560461,-70.399895,0.0,0.0,"18613962, 18613963, 18613964, 18613965, 18613966, 18613967, 18613968, 18613969, 18613970, 18613971, 18613972, 18613973, 18613974, 18613975, 18613976, 18613977, 18613978"
2025-11-07T14:58:31,2025-11-07 14:58:31,Sin sesión,,,,18,HIRIPRO-02,,38.0,0.0,2.0,-23.560461,-70.399895,6838.0,1.0,29.8,33.6,0.0,0.0,0.0,31.0,-23.560461,-70.399895,0.0,0.0,"18613945, 18613946, 18613947, 18613948, 18613949, 18613950, 18613951, 18613952, 18613953, 18613954, 18613955, 18613956, 18613957, 18613958, 18613959, 18613960, 18613961"
2025-11-07T14:58:29,2025-11-07 14:58:29,Sin sesión,,,,18,HIRIPRO-02,,38.0,0.0,2.0,-23.560461,-70.399895,6837.0,1.0,29.8,33.7,0.0,0.0,0.0,31.0,-23.560461,-70.399895,0.0,0.0,"18613928, 18613929, 18613930, 18613931, 18613932, 18613933, 18613934, 18613935, 18613936, 18613937, 18613938, 18613939, 18613940, 18613941, 18613942, 18613943, 18613944"
2025-11-07T14:58:25,2025-11-07 14:58:25,Sin sesión,,,,18,HIRIPRO-02,,38.0,0.0,2.0,-23.560461,-70.399895,6836.0,1.0,29.8,33.5,0.0,0.0,0.0,31.0,-23.560461,-70.399895,0.0,0.0,"18613911, 18613912, 18613913, 18613914, 18613915, 18613916, 18613917, 18613918, 18613919, 18613920, 18613921, 18613922, 18613923, 18613924, 18613925, 18613926, 18613927"
2025-11-07T14:58:22,2025-11-07 14:58:22,Sin sesión,,,,18,HIRIPRO-02,,38.0,0.0,2.0,-23.560461,-70.399895,6835.0,1.0,29.8,33.7,0.0,0.0,0.0,31.0,-23.560461,-70.399895,0.0,0.0,"18613894, 18613895, 18613896, 18613897, 18613898, 18613899, 18613900, 18613901, 18613902, 18613903, 18613904, 18613905, 18613906, 18613907, 18613908, 18613909, 18613910"
2025-11-07T14:58:19,2025-11-07 14:58:19,Sin sesión,,,,18,HIRIPRO-02,,38.0,0.0,2.0,-23.560461,-70.399895,6834.0,1.0,29.8,33.6,0.0,0.0,0.0,31.0,-23.560461,-70.399895,0.0,0.0,"18613877, 18613878, 18613879, 18613880, 18613881, 18613882, 18613883, 18613884, 18613885, 18613886, 18613887, 18613888, 18613889, 18613890, 18613891, 18613892, 18613893"
2025-11-07T14:58:16,2025-11-07 14:58:16,Sin sesión,,,,18,HIRIPRO-02,,38.0,0.0,2.0,-23.560461,-70.399895,6833.0,1.0,29.8,33.9,0.0,0.0,0.0,31.0,-23.560461,-70.399895,0.0,0.0,"18613860, 18613861, 18613862, 18613863, 18613864, 18613865, 18613866, 18613867, 18613868, 18613869, 18613870, 18613871, 18613872, 18613873, 18613874, 18613875, 18613876"
2025-11-07T14:58:14,2025-11-07 14:58:14,Sin sesión,,,,18,HIRIPRO-02,,38.0,0.0,2.0,-23.560461,-70.399895,6832.0,1.0,29.8,33.8,0.0,0.0,0.0,31.0,-23.560461,-70.399895,0.0,0.0,"18613843, 18613844, 18613845, 18613846, 18613847, 18613848, 18613849, 18613850, 18613851, 18613852, 18613853, 18613854, 18613855, 18613856, 18613857, 18613858, 18613859"
2025-11-07T14:58:10,2025-11-07 14:58:10,Sin sesión,,,,18,HIRIPRO-02,,38.0,0.0,2.0,-23.560461,-70.399895,6831.0,1.0,29.8,33.8,0.0,0.0,0.0,31.0,-23.560461,-70.399895,0.0,0.0,"18613826, 18613827, 18613828, 18613829, 18613830, 18613831, 18613832, 18613833, 18613834, 18613835, 18613836, 18613837, 18613838, 18613839, 18613840, 18613841, 18613842"
2025-11-07T14:58:07,2025-11-07 14:58:07,Sin sesión,,,,18,HIRIPRO-02,,38.0,0.0,2.0,-23.560461,-70.399895,6830.0,1.0,29.8,33.8,0.0,0.0,0.0,31.0,-23.560461,-70.399895,0.0,0.0,"18613809, 18613810, 18613811, 18613812, 18613813, 18613814, 18613815, 18613816, 18613817, 18613818, 18613819, 18613820, 18613821, 18613822, 18613823, 18613824, 18613825"
2025-11-07T14:58:04,2025-11-07 14:58:04,Sin sesión,,,,18,HIRIPRO-02,,38.0,0.0,2.0,-23.560461,-70.399895,6829.0,1.0,29.8,33.7,0.0,0.0,0.0,31.0,-23.560461,-70.399895,0.0,0.0,"18613792, 18613793, 18613794, 18613795, 18613796, 18613797, 18613798, 18613799, 18613800, 18613801, 18613802, 18613803, 18613804, 18613805, 18613806, 18613807, 18613808"
2025-11-07T14:58:01,2025-11-07 14:58:01,Sin sesión,,,,18,HIRIPRO-02,,38.25,0.0,2.0,-23.560461,-70.399895,6828.0,1.0,29.8,33.9,0.0,0.0,0.0,31.0,-23.560461,-70.399895,0.0,0.0,"18613775, 18613776, 18613777, 18613778, 18613779, 18613780, 18613781, 18613782, 18613783, 18613784, 18613785, 18613786, 18613787, 18613788, 18613789, 18613790, 18613791"
2025-11-07T14:57:58,2025-11-07 14:57:58,Sin sesión,,,,18,HIRIPRO-02,,38.0,0.0,2.0,-23.560461,-70.399895,6827.0,1.0,29.8,33.8,0.0,0.0,0.0,31.0,-23.560461,-70.399895,0.0,0.0,"18613758, 18613759, 18613760, 18613761, 18613762, 18613763, 18613764, 18613765, 18613766, 18613767, 18613768, 18613769, 18613770, 18613771, 18613772, 18613773, 18613774"
2025-11-07T14:57:55,2025-11-07 14:57:55,Sin sesión,,,,18,HIRIPRO-02,,38.0,0.0,2.0,-23.560461,-70.399895,6826.0,1.0,29.8,33.8,0.0,0.0,0.0,31.0,-23.560461,-70.399895,0.0,0.0,"18613741, 18613742, 18613743, 18613744, 18613745, 18613746, 18613747, 18613748, 18613749, 18613750, 18613751, 18613752, 18613753, 18613754, 18613755, 18613756, 18613757"
2025-11-07T14:57:52,2025-11-07 14:57:52,Sin sesión,,,,18,HIRIPRO-02,,38.0,0.0,2.0,-23.560461,-70.399895,6825.0,1.0,29.8,33.7,0.0,0.0,0.0,31.0,-23.560461,-70.399895,0.0,0.0,"18613724, 18613725, 18613726, 18613727, 18613728, 18613729, 18613730, 18613731, 18613732, 18613733, 18613734, 18613735, 18613736, 18613737, 18613738, 18613739, 18613740"
2025-11-07T14:57:49,2025-11-07 14:57:49,Sin sesión,,,,18,HIRIPRO-02,,38.0,0.0,2.0,-23.560461,-70.399895,6824.0,1.0,29.8,33.9,0.0,0.0,0.0,31.0,-23.560461,-70.399895,0.0,0.0,"18613707, 18613708, 18613709, 18613710, 18613711, 18613712, 18613713, 18613714, 18613715, 18613716, 18613717, 18613718, 18613719, 18613720, 18613721, 18613722, 18613723"
2025-11-07T14:57:46,2025-11-07 14:57:46,Sin sesión,,,,18,HIRIPRO-02,,38.0,0.0,2.0,-23.560461,-70.399895,6823.0,1.0,29.8,33.4,0.0,0.0,0.0,31.0,-23.560461,-70.399895,0.0,0.0,"18613690, 18613691, 18613692, 18613693, 18613694, 18613695, 18613696, 18613697, 18613698, 18613699, 18613700, 18613701, 18613702, 18613703, 18613704, 18613705, 18613706"
2025-11-07T14:57:43,2025-11-07 14:57:43,Sin sesión,,,,18,HIRIPRO-02,,38.0,0.0,2.0,-23.560461,-70.399895,6822.0,1.0,29.8,33.7,0.0,0.0,0.0,31.0,-23.560461,-70.399895,0.0,0.0,"18613673, 18613674, 18613675, 18613676, 18613677, 18613678, 18613679, 18613680, 18613681, 18613682, 18613683, 18613684, 18613685, 18613686, 18613687, 18613688, 18613689"
2025-11-07T14:57:40,2025-11-07 14:57:40,Sin sesión,,,,18,HIRIPRO-02,,38.0,0.0,2.0,-23.560461,-70.399895,6821.0,1.0,29.8,33.7,0.0,0.0,0.0,31.0,-23.560461,-70.399895,0.0,0.0,"18613656, 18613657, 18613658, 18613659, 18613660, 18613661, 18613662, 18613663, 18613664, 18613665, 18613666, 18613667, 18613668, 18613669, 18613670, 18613671, 18613672"
2025-11-07T14:57:37,2025-11-07 14:57:37,Sin sesión,,,,18,HIRIPRO-02,,38.0,0.0,2.0,-23.560461,-70.399895,6820.0,1.0,29.8,33.8,0.0,0.0,0.0,31.0,-23.560461,-70.399895,0.0,0.0,"18613639, 18613640, 18613641, 18613642, 18613643, 18613644, 18613645, 18613646, 18613647, 18613648, 18613649, 18613650, 18613651, 18613652, 18613653, 18613654, 18613655"
2025-11-07T14:57:34,2025-11-07 14:57:34,Sin sesión,,,,18,HIRIPRO-02,,38.0,0.0,2.0,-23.560461,-70.399895,6819.0,1.0,29.8,33.7,0.0,1.0,1.0,31.0,-23.560461,-70.399895,0.0,0.0,"18613622, 18613623, 18613624, 18613625, 18613626, 18613627, 18613628, 18613629, 18613630, 18613631, 18613632, 18613633, 18613634, 18613635, 18613636, 18613637, 18613638"
2025-11-07T14:57:31,2025-11-07 14:57:31,Sin sesión,,,,18,HIRIPRO-02,,38.0,0.0,2.0,-23.560461,-70.399895,6818.0,1.0,29.8,33.7,0.0,0.0,0.0,31.0,-23.560461,-70.399895,0.0,0.0,"18613605, 18613606, 18613607, 18613608, 18613609, 18613610, 18613611, 18613612, 18613613, 18613614, 18613615, 18613616, 18613617, 18613618, 18613619, 18613620, 18613621"
2025-11-07T14:57:28,2025-11-07 14:57:28,Sin sesión,,,,18,HIRIPRO-02,,38.0,0.0,2.0,-23.560461,-70.399895,6817.0,1.0,29.8,33.6,0.0,0.0,0.0,31.0,-23.560461,-70.399895,0.0,0.0,"18613588, 18613589, 18613590, 18613591, 18613592, 18613593, 18613594, 18613595, 18613596, 18613597, 18613598, 18613599, 18613600, 18613601, 18613602, 18613603, 18613604"
2025-11-07T14:57:25,2025-11-07 14:57:25,Sin sesión,,,,18,HIRIPRO-02,,38.0,0.0,2.0,-23.560461,-70.399895,6816.0,1.0,29.8,33.6,0.0,0.0,0.0,31.0,-23.560461,-70.399895,0.0,0.0,"18613507, 18613508, 18613509, 18613510, 18613511, 18613512, 18613513, 18613514, 18613515, 18613516, 18613517, 18613518, 18613519, 18613520, 18613521, 18613522, 18613523"
2025-11-07T14:57:22,2025-11-07 14:57:22,Sin sesión,,,,18,HIRIPRO-02,,38.0,0.0,2.0,-23.560461,-70.399895,6815.0,1.0,29.8,33.7,0.0,0.0,0.0,31.0,-23.560461,-70.399895,0.0,0.0,"18613490, 18613491, 18613492, 18613493, 18613494, 18613495, 18613496, 18613497, 18613498, 18613499, 18613500, 18613501, 18613502, 18613503, 18613504, 18613505, 18613506"
2025-11-07T14:57:19,2025-11-07 14:57:19,Sin sesión,,,,18,HIRIPRO-02,,38.0,0.0,2.0,-23.560461,-70.399895,6814.0,1.0,29.8,33.5,0.0,0.0,0.0,31.0,-23.560461,-70.399895,0.0,0.0,"18613473, 18613474, 18613475, 18613476, 18613477, 18613478, 18613479, 18613480, 18613481, 18613482, 18613483, 18613484, 18613485, 18613486, 18613487, 18613488, 18613489"
2025-11-07T14:57:16,2025-11-07 14:57:16,Sin sesión,,,,18,HIRIPRO-02,,38.25,0.0,2.0,-23.560461,-70.399895,6813.0,1.0,29.8,33.7,0.0,0.0,0.0,31.0,-23.560461,-70.399895,0.0,0.0,"18613456, 18613457, 18613458, 18613459, 18613460, 18613461, 18613462, 18613463, 18613464, 18613465, 18613466, 18613467, 18613468, 18613469, 18613470, 18613471, 18613472"
2025-11-07T14:57:13,2025-11-07 14:57:13,Sin sesión,,,,18,HIRIPRO-02,,38.0,0.0,2.0,-23.560461,-70.399895,6812.0,1.0,29.8,33.7,0.0,0.0,0.0,31.0,-23.560461,-70.399895,0.0,0.0,"18613439, 18613440, 18613441, 18613442, 18613443, 18613444, 18613445, 18613446, 18613447, 18613448, 18613449, 18613450, 18613451, 18613452, 18613453, 18613454, 18613455"
